2jb5,H2,H50-H58
2bfv,H2,H50-H58
1a14,H2,H50-H58
1osp,H2,H50-H58
1jfq,H2,H50-H58
1jhk,H2,H50-H58
1jgl,H2,H50-H58
1gaf,H2,H50-H58
1aj7,H2,H50-H58
1l7i,H2,H50-H58
1fvd,H2,H50-H58
1fvc,H2,H50-H58
1dee,H2,H50-H58
1seq,H2,H50-H58
2v7n,H2,H50-H58
1ggb,H2,H50-H58
2arj,H2,H50-H58
1mnu,H2,H50-H58
1kel,H2,H50-H58
2ddq,H2,H50-H58
1mre,H2,H50-H58
1mrd,H2,H50-H58
1flr,H2,H50-H58
2w60,H2,H50-H58
3eyq,H2,H50-H58
2z91,H2,H50-H58
1c1e,H2,H50-H58
1axt,H2,H50-H58
2uyl,H2,H50-H58
1aqk,H2,H50-H58
1psk,H2,H50-H58
1baf,H2,H50-H58
2b0s,H2,H50-H58
1ad0,H2,H50-H58
1zlv,H2,H50-H58
