1bm3,L1,L24-L34
1opg,L1,L24-L34
2bfv,L1,L24-L34
1bfv,L1,L24-L34
1a14,L1,L24-L34
1yy8,L1,L24-L34
1ktr,L1,L24-L34
1dvf_2,L1,L24-L34
1osp,L1,L24-L34
6fab,L1,L24-L34
1jfq,L1,L24-L34
1qbl,L1,L24-L34
1fdl,L1,L24-L34
1bbj,L1,L24-L34
1gaf,L1,L24-L34
1aj7,L1,L24-L34
1bvk,L1,L24-L34
3eo9,L1,L24-L34
1tzh,L1,L24-L34
3grw,L1,L24-L34
3hi5,L1,L24-L34
1tzi,L1,L24-L34
2fjh,L1,L24-L34
2qqn,L1,L24-L34
1s3k,L1,L24-L34
1dee,L1,L24-L34
1ad9,L1,L24-L34
3hns,L1,L24-L34
1a3l,L1,L24-L34
1iqw,L1,L24-L34
3i2c,L1,L24-L34
1j05,L1,L24-L34
1vfa,L1,L24-L34
2v7n,L1,L24-L34
1ndm,L1,L24-L34
1fh5,L1,L24-L34
1ic7,L1,L24-L34
2dqg,L1,L24-L34
2dqh,L1,L24-L34
1c08,L1,L24-L34
1ggb,L1,L24-L34
2g5b,L1,L24-L34
1mjj,L1,L24-L34
3d85,L1,L24-L34
2arj,L1,L24-L34
1frg,L1,L24-L34
1bbd,L1,L24-L34
1rih,L1,L24-L34
1mf2,L1,L24-L34
1kel,L1,L24-L34
1igf,L1,L24-L34
2r0w,L1,L24-L34
2r0z,L1,L24-L34
1ehl,L1,L24-L34
2dtm,L1,L24-L34
2dqt,L1,L24-L34
1f3d,L1,L24-L34
1cl7,L1,L24-L34
1bln,L1,L24-L34
1f8t,L1,L24-L34
1dsf,L1,L24-L34
1flr,L1,L24-L34
1qfu,L1,L24-L34
1cr9,L1,L24-L34
1l7t,L1,L24-L34
1i9i,L1,L24-L34
1mj7,L1,L24-L34
1mj8,L1,L24-L34
2eiz,L1,L24-L34
3fn0,L1,L24-L34
1t2q,L1,L24-L34
2d03,L1,L24-L34
1ct8,L1,L24-L34
1a4j,L1,L24-L34
1axt,L1,L24-L34
2uyl,L1,L24-L34
3eo0,L1,L24-L34
3ijh,L1,L24-L34
2aj3,L1,L24-L34
3g04,L1,L24-L34
2hwz,L1,L24-L34
1b4j,L1,L24-L34
1aqk,L1,L24-L34
1dl7,L1,L24-L34
1ngp,L1,L24-L34
1psk,L1,L24-L34
1mim,L1,L24-L34
1a6t,L1,L24-L34
3dvg,L1,L24-L34
3dvn,L1,L24-L34
2zpk,L1,L24-L34
1zlv,L1,L24-L34
