1fl3,L3,L89-L97
2jb5,L3,L89-L97
1opg,L3,L89-L97
1wc7,L3,L89-L97
1ezv,L3,L89-L97
1bfo,L3,L89-L97
2oz4,L3,L89-L97
2jix,L3,L89-L97
1osp,L3,L89-L97
3fmg,L3,L89-L97
1t4k,L3,L89-L97
1gaf,L3,L89-L97
1aj7,L3,L89-L97
1bey,L3,L89-L97
1tzi,L3,L89-L97
2eh7,L3,L89-L97
1n5y,L3,L89-L97
1ots,L3,L89-L97
32c2,L3,L89-L97
1ggb,L3,L89-L97
1yed,L3,L89-L97
1kel,L3,L89-L97
1flr,L3,L89-L97
43c9,L3,L89-L97
1i9i,L3,L89-L97
1e6j,L3,L89-L97
3eyo,L3,L89-L97
2agj,L3,L89-L97
1mie,L3,L89-L97
1ngw,L3,L89-L97
2gjz,L3,L89-L97
1a4j,L3,L89-L97
1orq,L3,L89-L97
3bqu_2,L3,L89-L97
1aqk,L3,L89-L97
1dl7,L3,L89-L97
1eo8,L3,L89-L97
1kno,L3,L89-L97
1psk,L3,L89-L97
1ken,L3,L89-L97
1jnl,L3,L89-L97
2qhr,L3,L89-L97
2gsg,L3,L89-L97
3g6a,L3,L89-L97
3dvn,L3,L89-L97
