1fl3,L2,L50-L56
1bm3,L2,L50-L56
1ezv,L2,L50-L56
1ar1,L2,L50-L56
1d5b,L2,L50-L56
2oz4,L2,L50-L56
1fdl,L2,L50-L56
3fmg,L2,L50-L56
1t4k,L2,L50-L56
1gaf,L2,L50-L56
1aj7,L2,L50-L56
1bey,L2,L50-L56
1n5y,L2,L50-L56
1ynt,L2,L50-L56
1ots,L2,L50-L56
2orb,L2,L50-L56
3i2c,L2,L50-L56
32c2,L2,L50-L56
1ggb,L2,L50-L56
2zuq,L2,L50-L56
1mh5,L2,L50-L56
1rih,L2,L50-L56
1kel,L2,L50-L56
2dtm,L2,L50-L56
1lo0,L2,L50-L56
1flr,L2,L50-L56
1e6j,L2,L50-L56
2agj,L2,L50-L56
1mie,L2,L50-L56
1mj8,L2,L50-L56
3fn0,L2,L50-L56
1ngw,L2,L50-L56
2gjz,L2,L50-L56
3bqu_2,L2,L50-L56
1mhp,L2,L50-L56
1jn6,L2,L50-L56
1kno,L2,L50-L56
1psk,L2,L50-L56
1ken,L2,L50-L56
1jnl,L2,L50-L56
2fb4,L2,L50-L56
2dd8,L2,L50-L56
3g6a,L2,L50-L56
3dvn,L2,L50-L56
